code,MOM_5
AAPL,
AAPL,
AAPL,
AAPL,
AAPL,
AAPL,0.03089728180694129
AAPL,0.04337153015548845
AAPL,0.057238173318270746
AAPL,0.047890268862314844
AAPL,0.02688081345313953
AAPL,0.018118351784691455
AAPL,0.027068039756146467
AAPL,-0.0012303891386072907
AAPL,0.0160548153026705
AAPL,0.025342117110692897
AAPL,0.00973863538676123
AAPL,-0.030684273341666568
AAPL,0.003537906596566609
AAPL,0.020900169580517325
AAPL,0.014534924572170205
AAPL,-0.02764596732890512
AAPL,-0.0009386908349676704
AAPL,0.0036513697415558877
AAPL,-0.008910353836992235
AAPL,0.00413745131717369
AAPL,0.03398917218101638
AAPL,0.041761109239699445
AAPL,0.00238350081072336
AAPL,0.017887695696513717
AAPL,-0.0010454670730422055
AAPL,0.01537360074524563
AAPL,-0.007930299766052418
AAPL,0.0125465722268161
AAPL,-0.021088093388262452
AAPL,-0.036383807374870125
AAPL,-0.08238196191909775
AAPL,-0.09692794177973163
AAPL,-0.09569866413689443
AAPL,-0.14605057933856025
AAPL,-0.12678487139138517
AAPL,0.002112834188367385
AAPL,0.004304432136045255
AAPL,0.03447803365223945
AAPL,0.07092726379530823
AAPL,0.05732372793180218
AAPL,-0.10923323984318489
AAPL,-0.013756431928567014
AAPL,-0.09020941547051953
AAPL,-0.1525673072905982
AAPL,-0.03826591566724935
AAPL,-0.09001767857058918
AAPL,-0.11382910262982293
AAPL,-0.10441852837969745
AAPL,-0.013898388621933377
AAPL,-0.17530667163198066
AAPL,-0.07365513852511807
AAPL,-0.023649433335065195
AAPL,-0.00466207445178124
AAPL,0.05580522808330324
AAPL,0.08070144633001974
AAPL,0.13566877525449672
AAPL,0.030014534416578753
AAPL,-0.018776476580848023
AAPL,-0.05227522689212172
AAPL,-0.025550987691527083
AAPL,0.030061629196271866
AAPL,0.020213140608583924
AAPL,0.10443735535946352
AAPL,0.09414934164113875
AAPL,0.13189178515756805
AAPL,0.09364874636319698
AAPL,0.09636511084222787
AAPL,0.07749838219104888
AAPL,0.05526324899538748
AAPL,0.013467493781450068
AAPL,-0.0650757480235602
AAPL,-0.02928659700723224
AAPL,-0.04067112059302613
AAPL,0.0006011790490558777
AAPL,0.022532845545764735
AAPL,0.038044459667034625
AAPL,0.04212243616703204
AAPL,0.06824706067331299
AAPL,0.0215570769947373
AAPL,0.03527912476835926
AAPL,0.0681312797084388
AAPL,0.04483367533426086
AAPL,0.03383254885773046
AAPL,0.07285431565016354
AAPL,0.07453269828956444
AAPL,0.046545255468313895
AAPL,0.023350926054132026
AAPL,0.01909533975447686
AAPL,-0.007803222486159722
AAPL,-0.0001587832417899726
AAPL,0.0055554123694923074
AAPL,0.037640231820515124
AAPL,0.023615679255668542
AAPL,0.03633298724065481
AAPL,0.005619823403832047
AAPL,0.015871400877031983
AAPL,-0.0030699212248253005
AAPL,0.0034401019942997824
AAPL,0.009282170400792822
AAPL,0.02086946333559725
AAPL,0.022036434215913836
AAPL,0.012788711152297738
AAPL,0.04264954851377256
AAPL,0.03607265847877117
AAPL,0.0638646444311366
AAPL,0.08526083180676602
AAPL,0.0421320000734724
AAPL,0.022021079315139414
AAPL,0.028579136998450716
AAPL,0.023518115548590623
AAPL,-0.003542682272343556
AAPL,0.0471271729011169
AAPL,0.03223144575320136
AAPL,0.0462987414646161
AAPL,0.04104184491629814
AAPL,0.024090563750178928
AAPL,0.03727286538558139
AAPL,0.011180383302245911
AAPL,0.00810879622621874
AAPL,-0.004719971058548378
AAPL,0.01124809148594652
AAPL,-0.0020009072296229835
AAPL,0.05717840947179731
AAPL,0.03015645889469143
AAPL,0.04542217072008925
AAPL,0.05190745976332867
AAPL,0.05374751616691653
AAPL,0.021559442094437165
AAPL,0.0416968752666369
AAPL,0.024988853085750717
AAPL,0.008041530230895155
AAPL,0.0042483447506469485
AAPL,0.03016414574954185
AAPL,-0.0005924606027849499
AAPL,-0.004630334067165731
AAPL,-0.03809990311741862
AAPL,-0.03854041212947623
AAPL,-0.036067414039528956
AAPL,-0.038633995449420255
AAPL,-0.022950969595286974
AAPL,0.03602780092330082
AAPL,0.14733039558594885
AAPL,0.14900857299015602
AAPL,0.1760006224437103
AAPL,0.1580650140967994
AAPL,0.1841406949466904
AAPL,0.04566629792935806
AAPL,0.034790599339321604
AAPL,-0.0026444254147294233
AAPL,0.026780257910100858
AAPL,0.009723279418340836
AAPL,0.03415455565047942
AAPL,0.016677361230839072
AAPL,0.056571428571428495
AAPL,0.023869520005708633
AAPL,0.02838882991916658
AAPL,0.08234885821513305
AAPL,0.09816111667856275
AAPL,0.08015140679928345
AAPL,0.09346846794869546
AAPL,0.05694356815440793
AAPL,0.0035177292782686553
AAPL,0.025286495945719967
AAPL,0.07494489049671693
AAPL,0.03855041472706966
AAPL,-0.03303739550625584
AAPL,-0.03082750297409309
AAPL,-0.12569741502808696
AAPL,-0.12565206365524095
AAPL,-0.13630134600176758
AAPL,-0.07346126286553056
AAPL,-0.04629628403196595
AAPL,0.024109211381498685
AAPL,-0.044238002513694474
AAPL,-0.02775576337273411
AAPL,-0.04607146126883366
AAPL,-0.045769753392521206
AAPL,-0.032283220766638476
AAPL,-0.04468023392092957
AAPL,-0.019213296968902394
AAPL,0.050917284049708966
AAPL,0.04433136966065421
AAPL,0.020391725508285052
AAPL,0.08112392260267187
AAPL,0.07919053408017085
AAPL,0.006590647237395331
AAPL,0.013395971884061497
AAPL,-0.00815139543897403
AAPL,-0.006303391269564251
AAPL,-0.015583523251623266
AAPL,0.03494960798938451
AAPL,0.0678111718959562
AAPL,0.07016608832675697
AAPL,0.053093504632728994
AAPL,0.04992604855896876
AAPL,0.017525822013930492
AAPL,-0.06768487191050154
AAPL,-0.02964489168559148
AAPL,-0.03564650225098276
AAPL,-0.041090208947824225
AAPL,-0.03343972307002174
AAPL,-0.008018626299860276
AAPL,-0.007744052808835944
AAPL,-0.0485154929844106
AAPL,-0.003714905444283212
AAPL,-0.05372044728784109
AAPL,-0.054585017315177176
AAPL,-0.05283015534586
AAPL,0.0337230225082239
AAPL,0.03217134143505529
AAPL,0.09029948351956874
AAPL,0.06941255203430297
AAPL,0.05007242536263812
AAPL,0.03949544180998554
AAPL,0.001512226388488358
AAPL,0.004802423819189272
AAPL,0.03421598493273281
AAPL,0.029490369345057665
AAPL,-0.012218588254869545
AAPL,-0.004781475540657554
AAPL,-0.016099327217407255
AAPL,-0.053615996791468556
AAPL,-0.03534635432010058
AAPL,-0.01694484470630031
AAPL,-0.01727918966878117
AAPL,0.014573093295001227
AAPL,0.07790955525219645
AAPL,0.06868111303176372
AAPL,0.05955359592180143
AAPL,0.04854622042963319
AAPL,0.03947918376951942
AAPL,0.013526695047284543
AAPL,-0.010562260581879479
AAPL,0.0024401774557167855
AAPL,0.0013088234119376096
AAPL,-0.015919201783459624
AAPL,0.028139572899884557
AAPL,0.04951551026228129
AAPL,0.04430379080749569
AAPL,0.034719384632414085
AAPL,0.05296433743550599
AAPL,0.03127938469898295
AAPL,0.024646030947847564
AAPL,0.02540795920745831
AAPL,0.07918836640849847
AAPL,0.051781951266355764
AAPL,0.013952049361278362
AAPL,0.013210107199512544
AAPL,-0.019398329430280747
AAPL,-0.041553938350429975
AAPL,-0.061318283847201616
AAPL,-0.020939298730161093
AAPL,-0.004823267600217673
AAPL,-0.0033228338026561888
AAPL,-0.016868876786059306
AAPL,0.03388626356424718
AAPL,-0.0153528455159474
AAPL,-0.037182912144158475
AAPL,-0.008916063998898438
AAPL,0.025077605986089102
AAPL,0.04568718584631615
AAPL,0.07881470307564431
AAPL,0.12411513964960474
AAPL,0.11992491286447327
AAPL,0.07596757458176717
AAPL,0.0016073736286374984
AAPL,-0.05112533426259025
AAPL,-0.061432961739322556
AAPL,-0.0570689994408522
AAPL,-0.05715891353467284
AAPL,0.0021883657434667025
AAPL,0.03637456463136379
AAPL,0.020650099038800995
AAPL,0.007556033574082077
AAPL,0.010825719888100771
AAPL,-0.01644948334577412
AAPL,-0.01016378652734562
AAPL,-0.027171142511134505
AAPL,-0.03801189896148016
AAPL,-0.041952822966151326
AAPL,-0.038925550030036504
AAPL,-0.06921766606459623
AAPL,-0.05503417446275183
AAPL,-0.04195963021576188
AAPL,-0.06722695550647462
AAPL,-0.0662970147429961
AAPL,0.014206356472439285
AAPL,-0.0058795317033285555
AAPL,-0.026246517395902114
AAPL,-0.007108030626795214
AAPL,0.0013194460654477602
AAPL,-0.08944362018379926
AAPL,-0.032209129797205915
AAPL,-0.017040752443581608
AAPL,0.01523351263543482
AAPL,-0.003211986456348015
AAPL,0.06557233768817272
AAPL,0.036997303595852404
AAPL,0.03983996203997986
AAPL,-0.011725158379062628
AAPL,-0.008592918499684021
AAPL,-0.004839087704318734
AAPL,-0.024129957686236825
AAPL,-0.03743191502385912
AAPL,0.0004977811267019572
AAPL,0.01016752431388701
AAPL,-0.016208769024175784
AAPL,-0.021543980495547066
AAPL,0.017153845039616478
AAPL,0.019985104364350414
AAPL,0.0386931975648126
AAPL,0.03970672805881281
AAPL,0.06672226770800593
AAPL,0.06721243538202715
AAPL,0.08130081300813008
AAPL,0.042414645770973314
AAPL,0.06512949568921989
AAPL,0.032290830368616685
AAPL,0.03175820320853617
AAPL,0.00872183204593524
AAPL,0.027430590475814087
AAPL,-0.00981917828868184
AAPL,0.011133842568312069
AAPL,-0.019033439097351335
AAPL,0.0011926331077953822
AAPL,-0.0008899074491726111
AAPL,0.009616097764463039
AAPL,0.0005992646520951439
AAPL,0.011671921006797925
AAPL,-0.021292439356768056
AAPL,-0.01618176896390422
AAPL,-0.04866434217746629
AAPL,-0.04102407285837506
AAPL,-0.028019106638339397
AAPL,-0.009508595284957844
AAPL,-0.042930399126608676
AAPL,-0.015173991671219356
AAPL,-0.04160819052687725
AAPL,-0.03676587074533666
AAPL,-0.021196602590536906
AAPL,-0.004572344012861884
AAPL,-0.008418752737335278
AAPL,0.01563904741255251
AAPL,0.01872446439172304
AAPL,-0.01584932672761652
AAPL,0.006573230800036356
AAPL,0.016419728288444846
AAPL,0.017322928786771552
AAPL,-0.01594532101347812
AAPL,-0.006537508513347112
AAPL,-0.0221872519959031
AAPL,-0.01449963707770252
AAPL,-0.02609379265596945
AAPL,0.004869098150505069
AAPL,0.010352306469856298
AAPL,0.019794006345632775
AAPL,0.016552052896485536
AAPL,0.02080297616786897
AAPL,0.011597419108357876
AAPL,0.03637803134354001
AAPL,0.022881502088993866
AAPL,0.02375518530883336
AAPL,0.04503998610967419
AAPL,0.02442095231259911
AAPL,0.013948554443695693
AAPL,0.033477293723569446
AAPL,0.02727624447359811
AAPL,0.012292362535138102
AAPL,0.020312691707095265
AAPL,0.018745243162003877
AAPL,0.017539977447786903
AAPL,0.02438302049391239
AAPL,0.028933367096877438
AAPL,0.05146124312302747
AAPL,0.0537172099624339
AAPL,0.060441615069993126
AAPL,0.04585279257774033
AAPL,0.05711368903529257
AAPL,0.03243778985674339
AAPL,0.025489332546721144
AAPL,0.03168006045676086
AAPL,0.03658189076671792
AAPL,0.008820886044469844
AAPL,-0.014186872330503864
AAPL,0.0035017475211016613
AAPL,-0.025142475048323787
AAPL,-0.011314606170005792
AAPL,0.014823404453806921
AAPL,0.045910906879823354
AAPL,0.004242288073003309
AAPL,-0.002888570746738317
AAPL,-0.007901932138927759
AAPL,-0.018174454716029964
AAPL,-0.023290161036085943
AAPL,0.004019870005558923
AAPL,0.013588089934871705
AAPL,0.009750056130845008
AAPL,0.001919640601434347
AAPL,0.003916932715054555
AAPL,-0.011943502304195164
AAPL,-0.007417464175072719
AAPL,0.012443913106455318
AAPL,0.020254596457024876
AAPL,0.03443082281734755
AAPL,0.03152469880136777
AAPL,0.003427944590070897
AAPL,-0.014708861914056182
AAPL,-0.006103310696564224
AAPL,-0.009330257073042691
AAPL,-0.0037952414605034734
AAPL,0.01366493571781624
AAPL,0.005725946526004222
AAPL,0.002766743068726818
AAPL,0.02277729109876825
AAPL,0.014770797928019164
AAPL,0.02797245807098503
AAPL,0.04141250432689181
AAPL,0.03835798596314688
AAPL,0.023315095598628544
AAPL,0.021603100439573364
AAPL,0.010228921864611884
AAPL,-0.030458788556374516
AAPL,-0.030784186040532235
AAPL,-0.05469402763857556
AAPL,-0.03919800017490893
AAPL,-0.03427022643657629
AAPL,-0.01953415881227072
AAPL,-0.044199267639358775
AAPL,-0.03166353359447305
AAPL,-0.02133793666931849
AAPL,-0.013172871453182577
AAPL,0.005887995513669475
AAPL,0.017000088388674506
AAPL,-0.010597427952937055
AAPL,-0.02070623343215716
AAPL,-0.03630049557029558
AAPL,-0.029063465325876225
AAPL,-0.04285613219231976
AAPL,-0.00563739716096856
AAPL,-0.005811116855101939
AAPL,0.012650129230620477
AAPL,0.0017525412597032552
AAPL,0.026376298584476876
AAPL,0.0028346247236501476
AAPL,-0.007676030548525503
AAPL,0.0032800700867128274
AAPL,0.01357594488640479
AAPL,0.026188681164493133
AAPL,0.05123313038959787
AAPL,0.05925761569596677
AAPL,0.03978854646124197
AAPL,0.026581097768976214
AAPL,0.014261318965326009
AAPL,0.0037645391103928727
AAPL,-0.0027468070374445652
AAPL,0.020671739931755972
AAPL,0.007465200027748864
AAPL,0.002152901813325947
AAPL,0.0046878978965108065
AAPL,0.01773597098687718
AAPL,-0.01055253675730794
AAPL,0.00987981106400726
AAPL,0.009935524038891419
AAPL,0.005265919634944494
AAPL,-0.023565959434728834
AAPL,-0.02046907431937628
AAPL,-0.008527189955988779
AAPL,-0.0029247702357464433
AAPL,0.0012598796133023171
AAPL,0.03765553943461408
AAPL,0.06762697186859956
AAPL,0.07040467479064816
AAPL,0.07346669514973958
AAPL,0.06894042160337333
AAPL,0.05505242456075443
AAPL,-0.006714369996698277
AAPL,-0.0019308474163891587
AAPL,0.026580540713778023
AAPL,0.02081655742592803
AAPL,0.011238681227562664
AAPL,0.032077028618136216
AAPL,0.03170245667066829
AAPL,0.03557162441299133
AAPL,0.06257205371886321
AAPL,0.0659501918297083
AAPL,0.10881117776093663
AAPL,0.0630292626863369
AAPL,0.018401736710198513
AAPL,0.024103273798084857
AAPL,-0.013176003001408088
AAPL,-0.04630815101652275
AAPL,-0.03408447311899654
AAPL,-0.007686550357460686
AAPL,-0.020412736195285275
AAPL,0.023336841986845602
AAPL,0.05369874064614555
AAPL,0.056200254999309696
AAPL,0.03693854666014773
AAPL,0.0145752537433943
AAPL,0.007317951859853178
AAPL,0.009316212824947545
AAPL,0.002286818436403326
AAPL,-0.024863455192683626
AAPL,-0.03479235159607197
AAPL,-0.030410592625666477
AAPL,-0.05395303753531455
AAPL,-0.025709489124355223
AAPL,0.0034873120097016486
AAPL,0.001104665357013035
AAPL,0.005227444762996969
AAPL,-0.013880012519668306
AAPL,-0.05054835510029032
AAPL,-0.06278131572436785
AAPL,-0.056797715550441774
AAPL,-0.06615826961618776
AAPL,-0.05901062480786101
AAPL,-0.03934303948880713
AAPL,-0.0321560601955585
AAPL,0.04876545773265728
AAPL,0.081425591261572
AAPL,0.09281513296003507
AAPL,0.10113340628453038
AAPL,0.08591880775593452
AAPL,0.012094155676913632
AAPL,-0.017850984889451027
AAPL,0.001259957734002004
AAPL,0.0025022887316303866
AAPL,-0.004511271294571961
AAPL,-0.021753001991281273
AAPL,-0.0161947962250365
AAPL,-0.011668526703404236
AAPL,-0.021159494856867078
AAPL,-0.018824020022595644
AAPL,-0.00794589861681938
AAPL,-0.02700140589028277
AAPL,-0.0736152928766558
AAPL,-0.056853070907516345
AAPL,-0.023863090139613186
AAPL,-0.013030531349696894
AAPL,-0.00681603168241518
AAPL,0.04054469880312839
AAPL,0.021445189360778327
AAPL,-0.010191130557285932
AAPL,-0.035247046012199634
AAPL,-0.03529408464794692
AAPL,-0.021673875259764053
AAPL,-0.046381469369194184
AAPL,-0.05172521012513287
AAPL,-0.05448843545690396
AAPL,-0.014926359673998468
AAPL,-0.02061982616310698
AAPL,0.013247481630880742
AAPL,0.059781556617426235
AAPL,0.09799502220233913
AAPL,0.08852931401465058
AAPL,0.06654558944591638
AAPL,0.08373809373620134
AAPL,0.06549582737524351
AAPL,0.061797078963354624
AAPL,0.06006396724159946
AAPL,0.0444157056600234
AAPL,0.00310216156380716
AAPL,-0.002346632665091719
AAPL,0.01617309931194688
AAPL,-0.02179262968797846
AAPL,-0.03341397479128283
AAPL,-0.014145817605344502
AAPL,-0.024209748607704418
AAPL,-0.07111635433637264
AAPL,-0.04227118701979615
AAPL,-0.008322224985927162
AAPL,-0.03979322718603162
AAPL,-0.029513722862921754
AAPL,0.009954714307597978
AAPL,-0.002564761572097507
AAPL,-0.023356783275220394
AAPL,-0.02117490557302626
AAPL,-0.013267113008026965
AAPL,-0.06332133351976887
AAPL,-0.06374447572604258
AAPL,-0.01670471583874611
AAPL,-0.025588723415833625
AAPL,-0.03020627468967174
AAPL,0.017091789691461967
AAPL,0.06035636779829434
AAPL,-0.041982370708943395
AAPL,-0.0023469402569749054
AAPL,-0.03735128453090575
AAPL,-0.0311637907815977
AAPL,-0.11757621834791676
AAPL,-0.0906423826408187
AAPL,-0.06466173860553215
AAPL,-0.042877840175872484
AAPL,-0.03410775484454964
AAPL,-0.03877128106335326
AAPL,-0.036545956399422375
AAPL,-0.0647135084831959
AAPL,-0.016696391286784462
AAPL,-0.059501504663367566
AAPL,-0.00213040076803217
AAPL,0.04681465154748676
AAPL,0.08757906368545632
AAPL,0.040039100713445075
AAPL,0.05948992638362682
AAPL,0.07607459519200477
AAPL,0.011128154938794044
AAPL,-0.023389468152070325
AAPL,-0.0008733514325567349
AAPL,-0.005043372780172639
AAPL,-0.05667619167847582
AAPL,-0.0567478313585843
AAPL,-0.09757762807166137
AAPL,-0.1072558098778158
AAPL,-0.08468514104839919
AAPL,-0.08819406817781883
AAPL,-0.040618443271979165
AAPL,0.030254701900568337
AAPL,0.019508976377264897
AAPL,0.020970329692615808
AAPL,0.0891896534004597
AAPL,0.07677110284999289
AAPL,0.011555217344820123
AAPL,0.028666342438551595
AAPL,-0.011209973268703544
AAPL,-0.019271572185186492
AAPL,-0.0007059586399147388
AAPL,0.039871912326800985
AAPL,0.05113848017283429
AAPL,0.07548267973440415
AAPL,0.04275536424498583
AAPL,0.030375834458304274
AAPL,0.017982139358697413
AAPL,0.014485787692335217
AAPL,0.02128675888009357
AAPL,0.015186113627267073
AAPL,0.0352392662014267
AAPL,0.05189351507257656
AAPL,0.04633936031687136
AAPL,0.026103737209447253
AAPL,0.03998088890456697
AAPL,0.003973550354408051
AAPL,0.02450339887946007
AAPL,0.012874154627759316
AAPL,0.054643379642127066
AAPL,0.055965987115975
AAPL,0.05547485530823648
AAPL,0.05957020215974307
AAPL,0.053765434553034286
AAPL,0.01747591959065775
AAPL,0.020803669894307042
AAPL,0.03068560609130966
AAPL,0.018720282423065893
AAPL,0.016163126313437415
AAPL,0.04082249622521483
AAPL,0.05046404785967873
AAPL,0.049175361996085076
AAPL,0.03137554588893132
AAPL,0.03359242814880159
AAPL,-0.0033701441631898144
AAPL,-0.032449881852093965
AAPL,-0.03352021668309568
AAPL,-0.040217726437846935
AAPL,-0.023657739084598783
AAPL,-0.046058820886712426
AAPL,-0.03693979931283098
AAPL,-0.049751792608935475
AAPL,-0.0615412023740064
AAPL,-0.07098742664285285
AAPL,-0.047732537536137265
AAPL,-0.04244643633819334
AAPL,-0.01856394739323508
AAPL,-0.017554983369841737
AAPL,-0.003735196072436553
AAPL,0.04890568793136607
AAPL,-0.004465168231779559
AAPL,-0.004167793840032186
AAPL,-0.013531085755754124
AAPL,-0.042384179804914046
AAPL,-0.05476349109307943
AAPL,0.01989078023554325
AAPL,-0.010237565919030911
AAPL,0.002428367709088608
AAPL,-0.0017916674049679449
AAPL,-0.024015999208218175
AAPL,-0.03275971695091062
AAPL,-0.025240728935734258
AAPL,-0.06717303520120788
AAPL,-0.08130024810875403
AAPL,-0.055183438936457274
AAPL,-0.03729565503552623
AAPL,-0.022957838530968777
AAPL,0.02070463950520751
AAPL,0.01367582801290701
AAPL,-0.014250605986565579
AAPL,-0.04873381299472257
AAPL,-0.05505463042773595
AAPL,-0.016777743969614622
AAPL,-0.0122063780411108
AAPL,0.014171809707402172
AAPL,0.03432151690241958
AAPL,0.039901723424789814
AAPL,0.0027973556270930455
AAPL,0.06424338109524541
AAPL,0.049434682291254806
AAPL,0.05975649626358703
AAPL,0.03816214006584007
AAPL,0.009833347291381411
AAPL,0.057513417362526686
AAPL,0.02602876861212411
AAPL,-0.011093622699437478
AAPL,-0.028925391012200707
AAPL,-0.04088396439349007
AAPL,-0.11146783098780322
AAPL,-0.09403937989649025
AAPL,-0.07401257449864773
AAPL,-0.07005449732900171
AAPL,0.05753160968792437
AAPL,0.08180366863706978
AAPL,0.06737691285432179
AAPL,0.07555550742747541
AAPL,0.10321048915921094
AAPL,0.026213700766066772
AAPL,0.010621218238503705
AAPL,-0.0018209082457764092
AAPL,0.0009330804846241492
AAPL,0.015323705497461315
AAPL,-0.01731688289021227
AAPL,-0.04673139255190728
AAPL,-0.046213070682701196
AAPL,-0.01431611400545163
AAPL,-0.018269740066283346
AAPL,-0.002025542168128558
AAPL,0.016710606307798415
AAPL,0.0123256039932913
AAPL,-0.04789567247420812
AAPL,-0.03816333190804111
AAPL,-0.038224707325664076
AAPL,-0.014594553081811124
AAPL,0.01791335450978293
AAPL,0.01610617449367968
AAPL,-0.04311247220204717
AAPL,-0.05381266852986466
AAPL,-0.08388130607794853
AAPL,-0.09053411740173256
AAPL,-0.05418622583496879
AAPL,-0.03128208258213139
AAPL,-0.0197010928905339
AAPL,-0.017677694524495635
AAPL,-0.04731671951497585
AAPL,-0.04311551472475994
AAPL,-0.017393958451734304
AAPL,-0.05149401550203159
AAPL,-0.02822424212411545
AAPL,-0.008092702832845466
AAPL,7.711215792660653e-05
AAPL,0.0016932289163757996
AAPL,0.04525462578176587
AAPL,0.05642612257338331
AAPL,0.06710932046332196
AAPL,0.03965437110996217
AAPL,0.04448719797503031
AAPL,0.034269189418969725
AAPL,0.01333432246647126
AAPL,0.03343071233529127
AAPL,0.04712085457374737
AAPL,0.04847724157376776
AAPL,0.049182705171793684
AAPL,0.06424190261650953
AAPL,0.05846085329692552
AAPL,0.01339380186714978
AAPL,0.012348239120953286
AAPL,0.02516560024016523
AAPL,0.04765212760781812
AAPL,0.058726839953038956
AAPL,0.06104892117160188
AAPL,0.07179985510018883
AAPL,0.04462632070423567
AAPL,0.00033144006458840636
AAPL,-0.022589032318213964
AAPL,0.013972256216123968
AAPL,-0.009375990982662064
AAPL,0.022446048599324087
AAPL,0.0188242307191282
AAPL,0.01019805708854693
AAPL,-0.03490419345426243
AAPL,-0.028002567699672798
AAPL,-0.03817683554153373
AAPL,-0.04554030117915864
AAPL,-0.030350736087770613
AAPL,-0.007206304527332619
AAPL,-0.02417571697657317
AAPL,-0.023360042683757576
AAPL,0.029445790114747128
AAPL,0.0399540544569188
AAPL,0.028424139049684216
AAPL,0.05202668560740498
AAPL,0.03207451551175966
AAPL,-0.016751630800143302
AAPL,-0.021842297148521927
AAPL,0.006530278327950834
AAPL,0.0007850486021443448
AAPL,0.034929343871041185
AAPL,0.04377104377104368
AAPL,0.04605564311531185
AAPL,0.043842994966669435
AAPL,0.03163602957127076
AAPL,0.019762505304105726
AAPL,0.03387096774193554
AAPL,0.0055908825726591616
AAPL,-0.010233581713364304
AAPL,0.018627652583780074
AAPL,0.021581879397475134
AAPL,0.029017122598966383
AAPL,0.049848366505550246
AAPL,0.05061853025866858
AAPL,0.018597935901698337
AAPL,0.014166069494404576
AAPL,-0.017404458601673056
AAPL,-0.032316273553351205
AAPL,-0.03338766296124607
AAPL,0.010991714167911004
AAPL,0.0033402346624893386
AAPL,0.019749410432329473
AAPL,0.035261181973487155
AAPL,0.047033094892127814
AAPL,0.006583693850954919
AAPL,-0.0011500661805269319
AAPL,0.000605253925446636
AAPL,-0.016219120132416998
AAPL,-0.023086620910630073
AAPL,0.010561115092018847
AAPL,0.028238930327660894
AAPL,0.02576661501031796
AAPL,0.029126145748498145
AAPL,0.022532990749778214
AAPL,-0.015557332219012565
AAPL,0.022925594155761342
AAPL,0.02305562678543316
AAPL,0.019164655957025545
AAPL,0.03648850834103112
AAPL,0.0480125884324587
AAPL,-0.005761364047949025
AAPL,-0.008242032713436598
AAPL,0.0017465392344169217
AAPL,-0.005012647668964143
AAPL,0.0074820319525630286
AAPL,0.015008380529442977
AAPL,0.012378622266285166
AAPL,-0.002963966664242812
AAPL,-0.004922150046318019
AAPL,-0.01176805211471299
AAPL,0.0015413850652383765
AAPL,0.01779567254778258
AAPL,0.03316625391920347
AAPL,0.04800977755945679
AAPL,0.04601416961856031
AAPL,0.023656212327063386
AAPL,0.01077272210509661
AAPL,0.0032158382184415135
AAPL,0.0026653950585211472
AAPL,5.531785462187244e-05
AAPL,0.023443542778436965
AAPL,0.0228781356571941
AAPL,0.03447300287670463
AAPL,0.03012674841868712
AAPL,0.02188324109282136
AAPL,0.00663801765748917
AAPL,0.003545955834000303
AAPL,0.016580609417547354
AAPL,0.003601947146558704
AAPL,0.001892743386228135
AAPL,0.016485612357796553
AAPL,0.028756213813151854
AAPL,0.013850247796206805
AAPL,0.039050829392214936
AAPL,0.03880823811518108
AAPL,0.01738809058232671
AAPL,0.013527067680812355
AAPL,0.0057492291731890965
AAPL,-0.027633142117954645
AAPL,-0.022758000259889388
AAPL,-0.008153439312519661
AAPL,-0.00662115785738937
AAPL,5.249510179083927e-05
AAPL,0.028524494276032764
AAPL,0.03004037559271988
AAPL,0.028086640201589352
AAPL,0.013593007704111093
AAPL,0.0065551417693441305
AAPL,-0.006392110201820622
AAPL,-0.0005678037102021527
AAPL,-0.0030753771642489935
AAPL,0.0004659883788913355
AAPL,0.020266746588356144
AAPL,0.019195833713318677
AAPL,0.01027789248708344
AAPL,-0.009871455881466873
AAPL,-0.010609683463443376
AAPL,-0.07067352401819693
AAPL,-0.0895901813089035
AAPL,-0.0808240760148391
AAPL,-0.0747221894943817
AAPL,-0.06904847556977411
AAPL,-0.02307825748809622
AAPL,0.0034106826364797005
AAPL,-0.013070111588591837
AAPL,-0.0090913917447204
AAPL,-0.022307137121271747
AAPL,-0.018561155956948516
AAPL,-0.02017168305219308
AAPL,-0.0012397927556306865
AAPL,0.025768746696680056
AAPL,0.01367818898168105
AAPL,0.023611639563785314
AAPL,0.024738433769964097
AAPL,0.03887603428169473
AAPL,0.03605343946189876
AAPL,0.0651433831289947
AAPL,0.0607469126389264
AAPL,0.052777592419026575
AAPL,-0.0065717547641038765
AAPL,-0.053770299312968395
AAPL,-0.05157823331693778
AAPL,-0.05330943600550597
AAPL,-0.07063781819743742
AAPL,-0.0475643582858033
AAPL,-0.010250011773226708
AAPL,-0.017790988322204493
AAPL,-0.007749773555521533
AAPL,0.01571187875503166
AAPL,0.007347446931674995
AAPL,-0.010299378404498905
AAPL,-0.001257078039017534
AAPL,-0.010619763874163413
AAPL,-0.03970514502452893
AAPL,-0.02883362390446742
AAPL,-0.018628128389648113
AAPL,-0.020481644886873762
AAPL,-0.013232631797052585
AAPL,0.002558659952539344
AAPL,0.01895212770719734
AAPL,0.024723189175369198
AAPL,0.036680091893181554
AAPL,0.03015830499662764
AAPL,0.03474481267534557
AAPL,0.0353564393652499
AAPL,0.03315992756459063
AAPL,0.007662406717340087
AAPL,-0.0015084879835441933
AAPL,-0.00695109309606301
AAPL,-0.022024508602078496
AAPL,-0.029052071301799876
AAPL,-0.03337993299954256
AAPL,-0.03200537814253612
AAPL,-0.020942656409268734
AAPL,-0.026956268955253715
AAPL,-0.04884308102298407
AAPL,-0.026955133795074637
AAPL,-0.01566477869287397
AAPL,-0.015394361919749855
AAPL,0.0167737873454612
AAPL,0.06399429548582503
AAPL,0.05011290342770347
AAPL,0.052498695131102835
AAPL,0.06470693198629718
AAPL,0.05127319713948353
AAPL,0.027256834703247135
AAPL,0.05519388812271031
AAPL,0.031077428203960533
AAPL,0.03090966280276297
AAPL,0.027994943049233445
AAPL,0.040019751686865446
AAPL,0.017650261012073454
AAPL,0.035984814862918935
AAPL,0.017072113244570142
AAPL,0.017552274603346962
AAPL,0.0013704838840056244
AAPL,0.0005271276474227982
AAPL,-0.00548447672235608
AAPL,-0.006661793309520436
AAPL,-0.007108884155074047
AAPL,0.006685288541876222
AAPL,-0.0018968366251471691
AAPL,0.015861367485667133
AAPL,0.015578033918233425
AAPL,0.02274286598380848
AAPL,0.023373776889286324
AAPL,0.019796231563067757
AAPL,0.0066694682924932636
AAPL,0.02932611883765346
AAPL,0.019766285342255552
AAPL,0.009503860541331122
AAPL,0.014028402612145552
AAPL,0.011452907660858491
AAPL,-0.015811299134459222
AAPL,-0.017313653646978566
AAPL,-0.020094149281415286
AAPL,-0.014497913863594114
AAPL,-0.019244483080827934
AAPL,-0.006415849654838768
AAPL,-0.011043733189701532
AAPL,-0.04111573586217265
AAPL,-0.045584060671568505
AAPL,-0.05819306543907499
AAPL,-0.064056250841941
AAPL,-0.036202156884097225
AAPL,-0.002693385055181574
AAPL,0.010529185570725907
AAPL,0.020229743288976865
AAPL,0.026161859392754394
AAPL,-0.010400909146228043
AAPL,-0.01328727839460464
AAPL,0.013104905791996524
AAPL,0.03216768866051334
AAPL,0.04286790716005062
AAPL,0.06289815109649233
AAPL,0.06470334901532859
AAPL,0.029369629129652797
AAPL,0.004489458244477884
AAPL,-0.011140356227288373
AAPL,-0.03658161521457215
AAPL,-0.05192805194609562
AAPL,-0.03764741014331863
AAPL,-0.03414401895826469
AAPL,-0.02112347124605951
AAPL,0.006700754151313326
AAPL,0.02716925125516756
AAPL,0.007813372091931114
AAPL,0.01614204951023268
AAPL,-0.002823949275256088
AAPL,-0.02250401319042894
AAPL,-0.02777049608746296
AAPL,-0.023683127338608556
AAPL,-0.034630703381269945
AAPL,-0.0298690703724126
AAPL,-0.014699449095353478
AAPL,0.0011946849198745113
AAPL,-0.007288134088123344
AAPL,-0.00630790363602951
AAPL,0.005893409003122851
AAPL,-0.004936425620436502
AAPL,-0.01963440480044809
AAPL,-0.01566951864674626
AAPL,-0.033451078803776846
AAPL,-0.06849920293027567
AAPL,-0.0677984961740743
AAPL,-0.06500691562932226
AAPL,-0.04970504148138155
AAPL,-0.013420936731014965
AAPL,0.01828121737370858
AAPL,0.011885110120966047
AAPL,0.023668639053254337
AAPL,0.011070107403180707
AAPL,0.005615057717528904
AAPL,0.016452151323713027
AAPL,0.04406003080112164
AAPL,-0.009421993542268803
AAPL,-0.001969623146263033
AAPL,-0.016520809906864442
AAPL,-0.03617670973958409
AAPL,-0.029999444032474343
AAPL,0.0006418895575992511
AAPL,-0.013060134757038266
AAPL,-0.01176476262112136
AAPL,-0.00035361979263837107
AAPL,-0.02590727769675838
AAPL,-0.01107997401343086
AAPL,-0.009292488633759088
AAPL,0.004915907658477048
AAPL,-0.01102266539619512
AAPL,0.036843891079619384
AAPL,0.04110155174810681
AAPL,0.02517070685650924
AAPL,-0.0017091606604725529
AAPL,0.0013112481958741373
AAPL,-0.04570384087551138
AAPL,-0.06542057690235092
AAPL,-0.03966648912313164
AAPL,-0.014641698635231126
AAPL,0.006071454002743781
AAPL,0.017061818834209763
AAPL,0.026060624556107914
AAPL,0.046189121027852
AAPL,0.02055127657283018
AAPL,0.001656601421246684
AAPL,0.0184825440045282
AAPL,0.08316598687095245
AAPL,0.04731992342286562
AAPL,0.07086239614675516
AAPL,0.07938571883721379
AAPL,0.06669368679613408
AAPL,-0.0017995518718934012
AAPL,0.025149919633352447
AAPL,0.027576748616293667
AAPL,0.03819632000503659
AAPL,0.028552791919298937
AAPL,0.0372575359285916
AAPL,0.025552901750206303
AAPL,0.02624987259240341
AAPL,0.006219653532515856
AAPL,-0.015592032828581348
AAPL,0.0005793469909958215
AAPL,-0.005496167451158218
AAPL,-0.01070971017424438
AAPL,0.002042951294487061
AAPL,0.02873499024443449
AAPL,0.02131805002020415
AAPL,0.022948578789889984
AAPL,0.029323674538493494
AAPL,0.016676264066958213
AAPL,0.024135237397391096
AAPL,-0.004690015295750638
AAPL,0.06586049596598009
AAPL,0.08781341009755272
AAPL,0.1016043305210077
AAPL,0.07923208975506668
AAPL,0.12194492360807785
AAPL,0.03446777504235099
AAPL,-0.015910332434912244
AAPL,-0.03150672062606619
AAPL,-0.02047157979698766
AAPL,-0.03507634148222305
AAPL,-0.004853205089908941
AAPL,0.02107980533254228
AAPL,0.015085013933967772
AAPL,0.041366391061783414
AAPL,0.053570557975222144
AAPL,0.03892146800355367
AAPL,0.0571694996984593
AAPL,0.08166371952226692
AAPL,0.05504033529772201
AAPL,0.057701871378531555
AAPL,0.027172214802698713
AAPL,0.018556141275058557
AAPL,0.028882391189205103
AAPL,0.02684981128691355
AAPL,-0.017598038114488235
AAPL,-0.01489657924740384
AAPL,-0.02702349227453471
AAPL,-0.044539195624841654
AAPL,-0.04177673329103504
AAPL,-0.04517656141249127
AAPL,-0.02984203497719129
AAPL,-0.02830899609397841
AAPL,-0.02554027973401074
AAPL,-0.027598736085874154
AAPL,0.016198447211842604
AAPL,0.004000161364724697
AAPL,0.008717167544313176
AAPL,-0.041101544148303026
AAPL,-0.052879374601662366
AAPL,-0.055205306221866035
AAPL,-0.023126960238332495
AAPL,-0.01646500094213621
AAPL,0.0394705133951343
AAPL,0.06775085091147393
AAPL,0.05671524869454525
AAPL,0.053490243273643046
AAPL,0.045366247268726845
AAPL,0.03843148373679495
AAPL,0.02368143052920435
AAPL,0.02110767025985516
AAPL,-0.0008455074776350102
AAPL,0.0034947722869613784
AAPL,0.005710714461102162
AAPL,0.006710539531689541
AAPL,0.00039757773456861045
AAPL,0.02342668924167368
AAPL,0.00952214643352356
AAPL,-0.019411869643001678
AAPL,-0.03148705308168931
AAPL,-0.018146498788776055
AAPL,-0.039035581287235166
AAPL,-0.03532749492528675
AAPL,-0.0119405827135326
AAPL,0.008195596597563082
AAPL,0.0017537520509269822
AAPL,0.007607973100528964
AAPL,-0.02077767535105013
AAPL,-0.01508340064064606
AAPL,-0.008847575623382342
AAPL,0.027382460509656203
AAPL,0.025617963812324396
AAPL,0.04692119800676431
AAPL,0.048802999025377325
AAPL,0.02573742631268172
AAPL,-0.005898505149333211
AAPL,-0.001796685659914199
AAPL,0.028833835581310252
AAPL,-0.005101765528571445
AAPL,0.0018112102794238805
AAPL,-0.008131179978795089
AAPL,-0.0043460655145260985
AAPL,-0.048540762054050446
AAPL,-0.0019451060003849996
AAPL,0.012170361238611482
AAPL,0.014933288184212135
AAPL,0.0033068782623819626
AAPL,0.043348822700705725
AAPL,0.035788641883993
AAPL,0.009758671946860975
AAPL,0.013578417313636404
AAPL,0.0327400432798397
AAPL,0.022395125842787467
AAPL,0.00859522965308912
AAPL,-0.004400743281702035
AAPL,-0.006805886770646086
AAPL,-0.015276580161236786
AAPL,-0.013024365217780498
AAPL,-0.00928517949520502
AAPL,-0.002860064218370484
AAPL,-0.020210797215947873
AAPL,-0.03673134205732598
AAPL,-0.04880034142031742
AAPL,-0.043736899476988
AAPL,-0.032073032103668964
AAPL,0.006949634987293063
AAPL,0.01816878105612929
AAPL,0.00999955531567176
AAPL,0.0034907083909136993
AAPL,0.010775834605470047
AAPL,0.00325305744268789
AAPL,-0.00863591230122851
AAPL,0.01690232625936039
AAPL,0.01806182548689428
AAPL,0.01723527437353023
AAPL,0.0013145344411231719
AAPL,0.021644422743055447
AAPL,0.02127002347974405
AAPL,0.029700362780586076
AAPL,0.025895164523062286
AAPL,0.038552412891125876
AAPL,0.04228477586101609
AAPL,0.041997676748244395
AAPL,0.03382113941467457
AAPL,0.03452092479968649
AAPL,0.023216594886129593
AAPL,0.029884401567466412
AAPL,0.02110039359061644
AAPL,0.014320443870592392
AAPL,0.020243637111781787
AAPL,0.021783926143538856
AAPL,0.017385991027893954
AAPL,0.02304553156805511
AAPL,0.006328847108719726
AAPL,0.00738016826389809
AAPL,0.025631727260696735
AAPL,0.016849948611601384
AAPL,0.018620863811934285
AAPL,0.04422489750836678
AAPL,0.02321951722507154
AAPL,-0.00899842231715231
AAPL,-0.01899951432734326
AAPL,-0.055577093048351456
AAPL,-0.06045860963453942
AAPL,-0.04143353217897716
AAPL,-0.03961138126589747
AAPL,-0.030828213709573005
AAPL,-0.02870617110843321
AAPL,-0.036817910467600745
AAPL,-0.04783673967633928
AAPL,-0.017918382710780056
AAPL,-0.05949733260394585
AAPL,-0.029005742870760187
AAPL,-0.05017062633555103
AAPL,-0.040509246389283105
AAPL,-0.05973847793656173
AAPL,-0.024007692365799027
AAPL,-0.0005217632812273276
AAPL,0.07015808102770671
AAPL,0.0693830078731752
AAPL,0.06228200146516061
AAPL,0.05934105975913884
AAPL,-0.008048403804938986
AAPL,-0.022916106694199967
AAPL,-0.028785090959556503
AAPL,-0.018393009741759947
AAPL,-0.03546608100503179
AAPL,-0.001578880834281926
AAPL,-0.0007732299493582451
AAPL,0.01892714704426357
AAPL,0.03563158183302528
AAPL,0.07455080989625906
AAPL,0.07388538447256465
AAPL,0.05266099328146234
AAPL,0.037826685095486035
AAPL,0.016643912941573413
AAPL,0.010220768346759446
AAPL,0.010512504816938772
AAPL,-0.018417913981978673
AAPL,-0.03469877035252622
AAPL,-0.015108966270650614
AAPL,-0.036705815864768065
AAPL,-0.04497247778615121
AAPL,-0.019221147884239675
AAPL,-0.008301732808125739
AAPL,-0.01145380853298461
AAPL,-0.044322157315725086
AAPL,-0.0639596355119949
AAPL,-0.07957923699195402
AAPL,-0.10899591618448967
AAPL,-0.10699795477215135
AAPL,-0.05925793907471544
AAPL,-0.03690451925209559
AAPL,-0.00801912742481492
AAPL,0.02107980533254228
AAPL,0.0223898011911845
AAPL,0.03144857816607027
AAPL,0.05200055212581356
AAPL,0.02922316077683118
AAPL,0.04553946624030436
AAPL,-0.0016951957150952435
AAPL,0.006342632095193812
AAPL,-0.002502782384776525
AAPL,0.010653187484114701
AAPL,-0.0922939606825629
AAPL,-0.1354749419024568
AAPL,-0.18309097049001233
AAPL,-0.22747436586363012
AAPL,-0.11184060634416426
AAPL,-0.06284760135353318
AAPL,0.0518631954582951
AAPL,0.11605861776364801
AAPL,0.17236980359773613
AAPL,-0.023032445011193392
AAPL,0.03445015030812848
AAPL,-0.025182893707187737
AAPL,-0.013727032987599253
AAPL,0.01216981656918481
AAPL,0.07257935108166036
AAPL,0.06244290444990708
AAPL,0.08790637505496135
AAPL,0.05742465657985396
AAPL,0.03861189472539639
AAPL,0.0237558781159799
AAPL,-0.01877863483708153
AAPL,-0.053535738234870234
AAPL,-0.06012978459035001
AAPL,-0.07647058823529407
AAPL,-0.07420776902091097
AAPL,-0.033211624648215476
AAPL,0.05983203747298993
AAPL,0.072641169553046
AAPL,0.08193631506269905
AAPL,0.07068707816488118
AAPL,0.06412127036625259
AAPL,-0.009535530959040917
AAPL,-0.028506984803555402
AAPL,-0.048226842202505726
AAPL,-0.04771812004499765
AAPL,-0.07568868053652089
AAPL,-0.0410479553383325
AAPL,-0.031132178393138865
AAPL,-0.01058933855424704
AAPL,-0.002532749827622749
AAPL,0.03292872707069483
AAPL,0.015283939143796
AAPL,0.011974898598942962
AAPL,0.0034008899472317555
AAPL,0.01528499861656707
AAPL,-0.0012394645700671836
AAPL,-0.002951769030866691
AAPL,-0.019919181535496655
AAPL,-0.007127587597904772
AAPL,-0.0366320188690582
AAPL,-0.015040947258367798
AAPL,-0.03468692378156868
AAPL,-0.011067496537641164
AAPL,0.009036160036817176
AAPL,0.02570630252077999
AAPL,0.009474876021376533
AAPL,0.030259651336200788
AAPL,0.022484475164182616
AAPL,0.00039801905997349785
AAPL,0.01821339041660197
AAPL,0.0375437052315859
AAPL,0.05397898895910491
AAPL,0.06243782612814841
AAPL,0.044111771615359174
AAPL,0.02359017585946077
AAPL,0.015975324552126358
AAPL,-0.0001412105957077081
AAPL,-0.011191755352348065
AAPL,-0.0063348504424249885
AAPL,-0.004285481262917168
AAPL,-0.004641449892829441
AAPL,-0.011251821234607773
AAPL,9.466287803205908e-05
AAPL,0.018502543862985332
AAPL,0.025297658030186687
AAPL,0.018985488032204678
AAPL,0.017807780965108044
AAPL,0.012785359885756353
AAPL,0.0073889653416219225
AAPL,-0.014598832617200075
AAPL,-0.02381504081289776
AAPL,-0.0289576503634279
AAPL,-0.0537684670724643
AAPL,-0.049988305515954234
AAPL,-0.039522913497683
AAPL,0.02009087245601382
AAPL,0.060027899096308124
AAPL,0.13326415935368718
AAPL,0.11718704626020493
AAPL,0.13172676901605573
AAPL,0.09416179053249563
AAPL,0.05794664396098548
AAPL,0.00976668922940438
AAPL,0.016330692990037754
AAPL,0.003962567760918301
AAPL,-0.03137190788486277
AAPL,-0.033851726626580425
AAPL,-0.016537855225260634
AAPL,-0.016154860485076195
AAPL,-0.005421582291968652
AAPL,0.019822180855779026
AAPL,0.034059599244075756
AAPL,0.01923079113299253
AAPL,0.011269578787301171
AAPL,0.03994594112613359
AAPL,0.04030540615527167
AAPL,0.03065877604774281
AAPL,0.02472648189995663
AAPL,0.02015499241776597
AAPL,-0.04897894022217286
AAPL,-0.04066227395794719
AAPL,-0.023446931703216767
AAPL,-0.0049605175313142125
AAPL,0.016215010428846766
AAPL,0.053794314423912803
AAPL,0.034126010282021335
AAPL,0.04883151329998969
AAPL,0.08187574936159026
AAPL,0.06836027376248088
AAPL,0.05573451508126204
AAPL,0.07983012377913012
AAPL,0.04057029211351204
AAPL,-0.006443275472520216
AAPL,0.0007861188255666729
AAPL,0.012445005826292155
AAPL,0.0010122231890352662
AAPL,0.010021068787773313
AAPL,0.008882638960356015
AAPL,0.007265467808348136
AAPL,0.01021726616375851
AAPL,-0.012017312402292202
AAPL,-0.049414717014561904
AAPL,-0.03517861503530173
AAPL,-0.033959787666772656
AAPL,-0.033790596385335214
AAPL,-0.0259407829950149
AAPL,0.028621473850808377
AAPL,0.05887097777870354
AAPL,0.060539954322784695
AAPL,0.03653652042568911
AAPL,0.04901996271416653
AAPL,0.04173773957868954
AAPL,0.025053415073523988
AAPL,0.02370898978879965
AAPL,0.04352872690517873
AAPL,0.04553512572483376
AAPL,0.02872683807384191
AAPL,0.0008927876066913143
AAPL,0.0038662027692262235
AAPL,0.0016314513218060878
AAPL,-0.006005913483676073
AAPL,-0.007027384439093787
AAPL,0.0014123950940481134
AAPL,0.01929340575550831
AAPL,0.01232689121083852
AAPL,0.01178790570806676
AAPL,0.014675764232471078
AAPL,-0.0073117369047837055
AAPL,-0.028374196398160745
AAPL,-0.0179544507265601
AAPL,-0.02454666388492166
AAPL,-0.0033773114620105904
AAPL,0.0316309812418325
AAPL,0.03563415604359643
AAPL,0.03347479265750897
AAPL,0.04732396658597415
